date,lat,long,so2,no2,co,o3,pm10
01/04/2011 00:00,18.023001,-92.903202,0.005,0.001,0,0.007,56
01/04/2011 01:00,18.023001,-92.903202,0.005,0.001,0,0.008,54
01/04/2011 02:00,18.023001,-92.903202,0.004,0.001,0,0.007,54
01/04/2011 03:00,18.023001,-92.903202,0.004,0.001,0,0.006,53
01/04/2011 04:00,18.023001,-92.903202,0.004,0.001,0,0.006,49
01/04/2011 05:00,18.023001,-92.903202,0.004,0.001,0,0.005,48
01/04/2011 06:00,18.023001,-92.903202,0.004,0.001,0,0.006,42
01/04/2011 07:00,18.023001,-92.903202,0.005,0.001,0,0.004,64
01/04/2011 08:00,18.023001,-92.903202,0.006,0.001,0,0.003,76
01/04/2011 09:00,18.023001,-92.903202,0.005,0.001,0,0.006,62
01/04/2011 10:00,18.023001,-92.903202,0.005,0.001,0,0.008,65
01/04/2011 11:00,18.023001,-92.903202,0.005,0.001,0,0.011,61
01/04/2011 12:00,18.023001,-92.903202,0.007,0.001,0,0.012,57
01/04/2011 13:00,18.023001,-92.903202,0.01,0.001,0,0.014,53
01/04/2011 14:00,18.023001,-92.903202,0.014,0.001,0,0.017,57
01/04/2011 15:00,18.023001,-92.903202,0.009,0.001,0,0.018,49
01/04/2011 16:00,18.023001,-92.903202,0.008,0.001,0,0.016,43
01/04/2011 17:00,18.023001,-92.903202,0.007,0.001,0,0.015,62
01/04/2011 18:00,18.023001,-92.903202,0.007,0.001,0,0.01,104
01/04/2011 19:00,18.023001,-92.903202,0.007,0.001,0,0.01,89
01/04/2011 20:00,18.023001,-92.903202,0.006,0.001,0,0.01,74
01/04/2011 21:00,18.023001,-92.903202,0.007,0.001,0,0.008,81
01/04/2011 22:00,18.023001,-92.903202,0.008,0.001,0,0.008,90
01/04/2011 23:00,18.023001,-92.903202,0.009,0.001,0,0.007,95
02/04/2011 00:00,18.023001,-92.903202,0.007,0.001,0,0.007,94
02/04/2011 01:00,18.023001,-92.903202,0.005,0.001,0,0.006,90
02/04/2011 02:00,18.023001,-92.903202,0.004,0.001,0,0.006,87
02/04/2011 03:00,18.023001,-92.903202,0.004,0.001,0,0.006,79
02/04/2011 04:00,18.023001,-92.903202,0.004,0.001,0,0.006,65
02/04/2011 05:00,18.023001,-92.903202,0.004,0.001,0,0.005,70
02/04/2011 06:00,18.023001,-92.903202,0.004,0.001,0,0.004,64
02/04/2011 07:00,18.023001,-92.903202,0.004,0.001,0,0.004,73
02/04/2011 08:00,18.023001,-92.903202,0.004,0.001,0,0.006,68
02/04/2011 09:00,18.023001,-92.903202,0.004,0.001,0,0.007,52
02/04/2011 10:00,18.023001,-92.903202,0.004,0.001,0,0.009,51
02/04/2011 11:00,18.023001,-92.903202,0.005,0.001,0,0.009,53
02/04/2011 12:00,18.023001,-92.903202,0.005,0.001,0,0.01,60
02/04/2011 13:00,18.023001,-92.903202,0.005,0.001,0,0.011,64
02/04/2011 14:00,18.023001,-92.903202,0.006,0.001,0,0.01,63
02/04/2011 15:00,18.023001,-92.903202,0.006,0.001,0,0.01,55
02/04/2011 16:00,18.023001,-92.903202,0.006,0.001,0,0.013,63
02/04/2011 17:00,18.023001,-92.903202,0.006,0.001,0,0.015,72
02/04/2011 18:00,18.023001,-92.903202,0.007,0.001,0,0.011,89
02/04/2011 19:00,18.023001,-92.903202,0.006,0.001,0,0.009,74
02/04/2011 20:00,18.023001,-92.903202,0.006,0.001,0,0.009,65
02/04/2011 21:00,18.023001,-92.903202,0.005,0.001,0,0.007,68
02/04/2011 22:00,18.023001,-92.903202,0.005,0.001,0,0.006,62
02/04/2011 23:00,18.023001,-92.903202,0.005,0.001,0,0.007,63
03/04/2011 00:00,18.023001,-92.903202,0.004,0.001,0,0.007,54
03/04/2011 01:00,18.023001,-92.903202,0.004,0.001,0,0.008,33
03/04/2011 02:00,18.023001,-92.903202,0.004,0.001,0,0.008,27
03/04/2011 03:00,18.023001,-92.903202,0.003,0.001,0,0.009,27
03/04/2011 04:00,18.023001,-92.903202,0.003,0.001,0,0.008,31
03/04/2011 05:00,18.023001,-92.903202,0.003,0.001,0,0.008,34
03/04/2011 06:00,18.023001,-92.903202,0.003,0.001,0,0.008,32
03/04/2011 07:00,18.023001,-92.903202,0.004,0.001,0,0.007,36
03/04/2011 08:00,18.023001,-92.903202,0.007,0.001,0,0.007,36
03/04/2011 09:00,18.023001,-92.903202,0.006,0.001,0,0.009,38
03/04/2011 10:00,18.023001,-92.903202,0.005,0.001,0,0.011,51
03/04/2011 11:00,18.023001,-92.903202,0.006,0.001,0,0.013,51
03/04/2011 12:00,18.023001,-92.903202,0.006,0.001,0,0.013,66
03/04/2011 13:00,18.023001,-92.903202,0.007,0.001,0,0.014,61
03/04/2011 14:00,18.023001,-92.903202,0.007,0.001,0,0.012,56
03/04/2011 15:00,18.023001,-92.903202,0.006,0.001,0,0.012,49
03/04/2011 16:00,18.023001,-92.903202,0.005,0.001,0,0.014,50
03/04/2011 17:00,18.023001,-92.903202,0.004,0.001,0,0.016,50
03/04/2011 18:00,18.023001,-92.903202,0.004,0.001,0,0.018,59
03/04/2011 19:00,18.023001,-92.903202,0.004,0.001,0,0.015,71
03/04/2011 20:00,18.023001,-92.903202,0.004,0.001,0,0.014,88
03/04/2011 21:00,18.023001,-92.903202,0.004,0.001,0,0.012,83
03/04/2011 22:00,18.023001,-92.903202,0.004,0.001,0,0.011,60
03/04/2011 23:00,18.023001,-92.903202,0.004,0.001,0,0.009,57
04/04/2011 00:00,18.023001,-92.903202,0.004,0.001,0,0.006,42
04/04/2011 01:00,18.023001,-92.903202,0.004,0.001,0,0.006,29
04/04/2011 02:00,18.023001,-92.903202,0.004,0.001,0,0.007,30
04/04/2011 03:00,18.023001,-92.903202,0.004,0.001,0,0.008,38
04/04/2011 04:00,18.023001,-92.903202,0.005,0.001,0,0.008,41
04/04/2011 05:00,18.023001,-92.903202,0.005,0.001,0,0.008,44
04/04/2011 06:00,18.023001,-92.903202,0.004,0.001,0,0.006,52
04/04/2011 07:00,18.023001,-92.903202,0.005,0.001,0,0.007,54
04/04/2011 08:00,18.023001,-92.903202,0.016,0.001,0,0.007,66
04/04/2011 09:00,18.023001,-92.903202,0.028,0.001,0,0.009,47
04/04/2011 10:00,18.023001,-92.903202,0.014,0.001,0,0.011,53
04/04/2011 11:00,18.023001,-92.903202,0.009,0.001,0,0.012,47
04/04/2011 12:00,18.023001,-92.903202,0.01,0.001,0,0.014,58
04/04/2011 13:00,18.023001,-92.903202,0.016,0.001,0,0.016,66
04/04/2011 14:00,18.023001,-92.903202,0.014,0.001,0,0.016,65
04/04/2011 15:00,18.023001,-92.903202,0.01,0.001,0,0.014,52
04/04/2011 16:00,18.023001,-92.903202,0.008,0.001,0,0.013,55
04/04/2011 17:00,18.023001,-92.903202,0.007,0.001,0,0.012,53
04/04/2011 18:00,18.023001,-92.903202,0.007,0.001,0,0.013,58
04/04/2011 19:00,18.023001,-92.903202,0.006,0.001,0,0.012,66
04/04/2011 20:00,18.023001,-92.903202,0.006,0.001,0,0.013,69
04/04/2011 21:00,18.023001,-92.903202,0.005,0.001,0,0.012,87
04/04/2011 22:00,18.023001,-92.903202,0.005,0.001,0,0.014,77
04/04/2011 23:00,18.023001,-92.903202,0.006,0.001,0,0.012,66
05/04/2011 00:00,18.023001,-92.903202,0.006,0.001,0,0.01,59
05/04/2011 01:00,18.023001,-92.903202,0.007,0.001,0,0.008,70
05/04/2011 02:00,18.023001,-92.903202,0.007,0.001,0,0.008,107
05/04/2011 03:00,18.023001,-92.903202,0.007,0.001,0,0.01,72
05/04/2011 04:00,18.023001,-92.903202,0.007,0.001,0,0.008,63
05/04/2011 05:00,18.023001,-92.903202,0.008,0.001,0,0.008,77
05/04/2011 06:00,18.023001,-92.903202,0.008,0.001,0,0.008,77
05/04/2011 07:00,18.023001,-92.903202,0.008,0.001,0.01,0.008,92
05/04/2011 08:00,18.023001,-92.903202,0.007,0.001,0,0.009,81
05/04/2011 09:00,18.023001,-92.903202,0.007,0.001,0,0.013,80
05/04/2011 10:00,18.023001,-92.903202,0.007,0.001,0,0.017,73
05/04/2011 11:00,18.023001,-92.903202,0.006,0.001,0,0.017,80
05/04/2011 12:00,18.023001,-92.903202,0.007,0.001,0,0.017,75
05/04/2011 13:00,18.023001,-92.903202,0.006,0.001,0,0.015,96
05/04/2011 14:00,18.023001,-92.903202,0.007,0.001,0,0.014,102
05/04/2011 15:00,18.023001,-92.903202,0.007,0.001,0,0.016,107
05/04/2011 16:00,18.023001,-92.903202,0.006,0.001,0,0.015,94
05/04/2011 17:00,18.023001,-92.903202,0.005,0.001,0,0.014,91
05/04/2011 18:00,18.023001,-92.903202,0.005,0.001,0,0.013,80
05/04/2011 19:00,18.023001,-92.903202,0.005,0.001,0,0.012,55
05/04/2011 20:00,18.023001,-92.903202,0.005,0.001,0,0.012,54
05/04/2011 21:00,18.023001,-92.903202,0.005,0.001,0,0.011,58
05/04/2011 22:00,18.023001,-92.903202,0.004,0.001,0,0.011,38
05/04/2011 23:00,18.023001,-92.903202,0.004,0.001,0,0.013,45
06/04/2011 00:00,18.023001,-92.903202,0.004,0.001,0,0.013,39
06/04/2011 01:00,18.023001,-92.903202,0.004,0.001,0,0.014,37
06/04/2011 02:00,18.023001,-92.903202,0.004,0.001,0,0.013,39
06/04/2011 03:00,18.023001,-92.903202,0.003,0.001,0,0.014,32
06/04/2011 04:00,18.023001,-92.903202,0.003,0.001,0,0.016,12
06/04/2011 05:00,18.023001,-92.903202,0.004,0.001,0,0.012,12
06/04/2011 06:00,18.023001,-92.903202,0.004,0.001,0,0.008,11
06/04/2011 07:00,18.023001,-92.903202,0.005,0.001,0.01,0.009,18
06/04/2011 08:00,18.023001,-92.903202,0.006,0.001,0.01,0.01,6
06/04/2011 09:00,18.023001,-92.903202,0.006,0.001,0,0.013,18
06/04/2011 10:00,18.023001,-92.903202,0.006,0.001,0,0.014,37
06/04/2011 11:00,18.023001,-92.903202,0.006,0.001,0,0.016,43
06/04/2011 12:00,18.023001,-92.903202,0.005,0.001,0,0.015,28
06/04/2011 13:00,18.023001,-92.903202,0.005,0.001,0,0.017,23
06/04/2011 14:00,18.023001,-92.903202,0.006,0.001,0,0.015,45
06/04/2011 15:00,18.023001,-92.903202,0.006,0.001,0,0.014,44
06/04/2011 16:00,18.023001,-92.903202,0.005,0.001,0,0.015,39
06/04/2011 17:00,18.023001,-92.903202,0.007,0.001,0,0.016,65
06/04/2011 18:00,18.023001,-92.903202,0.007,0.001,0,0.017,95
06/04/2011 19:00,18.023001,-92.903202,0.006,0.001,0,0.014,71
06/04/2011 20:00,18.023001,-92.903202,0.005,0.001,0,0.011,63
06/04/2011 21:00,18.023001,-92.903202,0.005,0.001,0,0.011,57
06/04/2011 22:00,18.023001,-92.903202,0.005,0.001,0,0.011,56
06/04/2011 23:00,18.023001,-92.903202,0.005,0.001,0,0.011,40
07/04/2011 00:00,18.023001,-92.903202,0.005,0.001,0,0.012,36
07/04/2011 01:00,18.023001,-92.903202,0.005,0.001,0,0.011,28
07/04/2011 02:00,18.023001,-92.903202,0.004,0.001,0,0.012,26
07/04/2011 03:00,18.023001,-92.903202,0.004,0.001,0,0.012,25
07/04/2011 04:00,18.023001,-92.903202,0.004,0.001,0,0.011,25
07/04/2011 05:00,18.023001,-92.903202,0.004,0.001,0,0.01,23
07/04/2011 06:00,18.023001,-92.903202,0.004,0.001,0,0.01,33
07/04/2011 07:00,18.023001,-92.903202,0.005,0.001,0,0.009,34
07/04/2011 08:00,18.023001,-92.903202,0.005,0.001,0,0.011,28
07/04/2011 09:00,18.023001,-92.903202,0.004,0.001,0,0.012,44
07/04/2011 10:00,18.023001,-92.903202,0.005,0.001,0,0.013,43
07/04/2011 11:00,18.023001,-92.903202,0.015,0.001,0,0.016,52
07/04/2011 12:00,18.023001,-92.903202,0.011,0.001,0,0.018,59
07/04/2011 13:00,18.023001,-92.903202,0.008,0.001,0,0.017,54
07/04/2011 14:00,18.023001,-92.903202,0.02,0.001,0,0.017,56
07/04/2011 15:00,18.023001,-92.903202,0.01,0.001,0,0.012,48
07/04/2011 16:00,18.023001,-92.903202,0.007,0.001,0,0.01,46
07/04/2011 17:00,18.023001,-92.903202,0.006,0.001,0,0.01,50
07/04/2011 18:00,18.023001,-92.903202,0.005,0.001,0,0.01,63
07/04/2011 19:00,18.023001,-92.903202,0.005,0.001,0,0.009,74
07/04/2011 20:00,18.023001,-92.903202,0.004,0.001,0,0.011,67
07/04/2011 21:00,18.023001,-92.903202,0.004,0.001,0,0.011,65
07/04/2011 22:00,18.023001,-92.903202,0.004,0.001,0,0.011,58
07/04/2011 23:00,18.023001,-92.903202,0.004,0.001,0,0.011,46
08/04/2011 00:00,18.023001,-92.903202,0.003,0.001,0,0.01,40
08/04/2011 01:00,18.023001,-92.903202,0.004,0.001,0,0.01,30
08/04/2011 02:00,18.023001,-92.903202,0.004,0.001,0,0.011,33
08/04/2011 03:00,18.023001,-92.903202,0.003,0.001,0,0.011,40
08/04/2011 04:00,18.023001,-92.903202,0.004,0.001,0,0.01,40
08/04/2011 05:00,18.023001,-92.903202,0.006,0.001,0,0.01,35
08/04/2011 06:00,18.023001,-92.903202,0.004,0.001,0,0.009,40
08/04/2011 07:00,18.023001,-92.903202,0.004,0.001,0,0.007,45
08/04/2011 08:00,18.023001,-92.903202,0.004,0.001,0,0.008,56
08/04/2011 09:00,18.023001,-92.903202,0.004,0.001,0,0.01,45
08/04/2011 10:00,18.023001,-92.903202,0.004,0.001,0,0.01,39
08/04/2011 11:00,18.023001,-92.903202,0.006,0.001,0,0.013,41
08/04/2011 12:00,18.023001,-92.903202,0.008,0.001,0,0.013,42
08/04/2011 13:00,18.023001,-92.903202,0.006,0.001,0,0.014,43
08/04/2011 14:00,18.023001,-92.903202,0.007,0.001,0,0.013,47
08/04/2011 15:00,18.023001,-92.903202,0.005,0.001,0,0.013,43
08/04/2011 16:00,18.023001,-92.903202,0.004,0.001,0,0.012,42
08/04/2011 17:00,18.023001,-92.903202,0.005,0.001,0,0.013,61
08/04/2011 18:00,18.023001,-92.903202,0.004,0.001,0,0.015,66
08/04/2011 19:00,18.023001,-92.903202,0.004,0.001,0,0.014,96
08/04/2011 20:00,18.023001,-92.903202,0.004,0.001,0,0.014,77
08/04/2011 21:00,18.023001,-92.903202,0.004,0.001,0,0.015,77
08/04/2011 22:00,18.023001,-92.903202,0.004,0.001,0,0.014,82
08/04/2011 23:00,18.023001,-92.903202,0.004,0.001,0,0.012,56
09/04/2011 00:00,18.023001,-92.903202,0.003,0.001,0,0.012,41
09/04/2011 01:00,18.023001,-92.903202,0.003,0.001,0,0.012,45
09/04/2011 02:00,18.023001,-92.903202,0.002,0.001,0,0.012,58
09/04/2011 03:00,18.023001,-92.903202,0.003,0.001,0,0.012,56
09/04/2011 04:00,18.023001,-92.903202,0.003,0.001,0,0.011,61
09/04/2011 05:00,18.023001,-92.903202,0.003,0.001,0,0.01,56
09/04/2011 06:00,18.023001,-92.903202,0.004,0.001,0,0.008,62
09/04/2011 07:00,18.023001,-92.903202,0.003,0.001,0,0.008,60
09/04/2011 08:00,18.023001,-92.903202,0.004,0.001,0,0.009,43
09/04/2011 09:00,18.023001,-92.903202,0.006,0.001,0,0.01,43
09/04/2011 10:00,18.023001,-92.903202,0.018,0.001,0,0.013,57
09/04/2011 11:00,18.023001,-92.903202,0.02,0.001,0,0.015,59
09/04/2011 12:00,18.023001,-92.903202,0.008,0.001,0,0.014,66
09/04/2011 13:00,18.023001,-92.903202,0.006,0.001,0,0.013,52
09/04/2011 14:00,18.023001,-92.903202,0.006,0.001,0,0.013,50
09/04/2011 15:00,18.023001,-92.903202,0.006,0.001,0,0.013,43
09/04/2011 16:00,18.023001,-92.903202,0.006,0.001,0,0.013,50
09/04/2011 17:00,18.023001,-92.903202,0.005,0.001,0,0.014,58
09/04/2011 18:00,18.023001,-92.903202,0.005,0.001,0,0.014,68
09/04/2011 19:00,18.023001,-92.903202,0.005,0.001,0,0.014,73
09/04/2011 20:00,18.023001,-92.903202,0.005,0.001,0,0.014,75
09/04/2011 21:00,18.023001,-92.903202,0.005,0.001,0,0.014,90
09/04/2011 22:00,18.023001,-92.903202,0.004,0.001,0,0.015,84
09/04/2011 23:00,18.023001,-92.903202,0.004,0.001,0,0.012,86
10/04/2011 00:00,18.023001,-92.903202,0.004,0.001,0,0.011,44
10/04/2011 01:00,18.023001,-92.903202,0.004,0.001,0,0.012,36
10/04/2011 02:00,18.023001,-92.903202,0.004,0.001,0,0.013,70
10/04/2011 03:00,18.023001,-92.903202,0.004,0.001,0,0.013,105
10/04/2011 04:00,18.023001,-92.903202,0.004,0.001,0,0.011,104
10/04/2011 05:00,18.023001,-92.903202,0.004,0.001,0,0.011,70
10/04/2011 06:00,18.023001,-92.903202,0.003,0.001,0,0.01,53
10/04/2011 07:00,18.023001,-92.903202,0.004,0.001,0,0.009,53
10/04/2011 08:00,18.023001,-92.903202,0.007,0.001,0,0.009,35
10/04/2011 09:00,18.023001,-92.903202,0.022,0.001,0,0.011,38
10/04/2011 10:00,18.023001,-92.903202,0.016,0.001,0,0.012,43
10/04/2011 11:00,18.023001,-92.903202,0.008,0.001,0,0.014,44
10/04/2011 12:00,18.023001,-92.903202,0.007,0.001,0,0.015,47
10/04/2011 13:00,18.023001,-92.903202,0.007,0.001,0,0.014,51
10/04/2011 14:00,18.023001,-92.903202,0.009,0.001,0,0.017,47
10/04/2011 15:00,18.023001,-92.903202,0.007,0.001,0,0.016,57
10/04/2011 16:00,18.023001,-92.903202,0.007,0.001,0,0.014,54
10/04/2011 17:00,18.023001,-92.903202,0.007,0.001,0,0.013,63
10/04/2011 18:00,18.023001,-92.903202,0.005,0.001,0,0.015,68
10/04/2011 19:00,18.023001,-92.903202,0.004,0.001,0,0.014,84
10/04/2011 20:00,18.023001,-92.903202,0.004,0.001,0,0.015,73
10/04/2011 21:00,18.023001,-92.903202,0.004,0.001,0,0.014,67
10/04/2011 22:00,18.023001,-92.903202,0.004,0.001,0,0.013,69
10/04/2011 23:00,18.023001,-92.903202,0.004,0.001,0,0.014,58
11/04/2011 00:00,18.023001,-92.903202,0.004,0.001,0,0.016,72
11/04/2011 01:00,18.023001,-92.903202,0.003,0.001,0,0.017,91
11/04/2011 02:00,18.023001,-92.903202,0.002,0.001,0,0.016,110
11/04/2011 03:00,18.023001,-92.903202,0.003,0.001,0.01,0.014,122
11/04/2011 04:00,18.023001,-92.903202,0.002,0.001,0,0.012,90
11/04/2011 05:00,18.023001,-92.903202,0.003,0.001,0,0.01,79
11/04/2011 06:00,18.023001,-92.903202,0.003,0.001,0,0.009,75
11/04/2011 07:00,18.023001,-92.903202,0.001,0.001,0,0.009,70
11/04/2011 08:00,18.023001,-92.903202,0.003,0.001,0,0.01,48
11/04/2011 09:00,18.023001,-92.903202,0.012,0.001,0,0.011,35
11/04/2011 10:00,18.023001,-92.903202,0.019,0.001,0,0.013,34
11/04/2011 11:00,18.023001,-92.903202,0.02,0.001,0,0.014,52
11/04/2011 12:00,18.023001,-92.903202,0.022,0.001,0,0.016,64
11/04/2011 13:00,18.023001,-92.903202,0.01,0.001,0,0.016,56
11/04/2011 14:00,18.023001,-92.903202,0.008,0.001,0,0.019,63
11/04/2011 15:00,18.023001,-92.903202,0.006,0.001,0,0.016,50
11/04/2011 16:00,18.023001,-92.903202,0.006,0.001,0,0.015,50
11/04/2011 17:00,18.023001,-92.903202,0.005,0.001,0,0.017,57
11/04/2011 18:00,18.023001,-92.903202,0.006,0.001,0,0.017,79
11/04/2011 19:00,18.023001,-92.903202,0.005,0.001,0,0.016,80
11/04/2011 20:00,18.023001,-92.903202,0.005,0.001,0,0.014,77
11/04/2011 21:00,18.023001,-92.903202,0.005,0.001,0,0.012,73
11/04/2011 22:00,18.023001,-92.903202,0.005,0.001,0,0.012,79
11/04/2011 23:00,18.023001,-92.903202,0.004,0.001,0,0.013,45
12/04/2011 00:00,18.023001,-92.903202,0.004,0.001,0,0.012,39
12/04/2011 01:00,18.023001,-92.903202,0.004,0.001,0,0.011,35
12/04/2011 02:00,18.023001,-92.903202,0.003,0.001,0,0.01,32
12/04/2011 03:00,18.023001,-92.903202,0.001,0.001,0,0.01,26
12/04/2011 04:00,18.023001,-92.903202,0.001,0.001,0,0.009,22
12/04/2011 05:00,18.023001,-92.903202,0.002,0.001,0,0.009,27
12/04/2011 06:00,18.023001,-92.903202,0.002,0.001,0,0.009,43
12/04/2011 07:00,18.023001,-92.903202,0.004,0.001,0.01,0.008,82
12/04/2011 08:00,18.023001,-92.903202,0.004,0.001,0.01,0.008,76
12/04/2011 09:00,18.023001,-92.903202,0.004,0.001,0,0.009,40
12/04/2011 10:00,18.023001,-92.903202,0.005,0.001,0,0.011,39
12/04/2011 11:00,18.023001,-92.903202,0.005,0.001,0,0.012,51
12/04/2011 12:00,18.023001,-92.903202,0.005,0.001,0,0.013,52
12/04/2011 13:00,18.023001,-92.903202,0.004,0.001,0,0.014,56
12/04/2011 14:00,18.023001,-92.903202,0.004,0.001,0,0.015,53
12/04/2011 15:00,18.023001,-92.903202,0.005,0.001,0,0.014,47
12/04/2011 16:00,18.023001,-92.903202,0.004,0.001,0,0.014,59
12/04/2011 17:00,18.023001,-92.903202,0.002,0.001,0,0.014,58
12/04/2011 18:00,18.023001,-92.903202,0.004,0.001,0,0.014,53
12/04/2011 19:00,18.023001,-92.903202,0.003,0.001,0,0.013,51
12/04/2011 20:00,18.023001,-92.903202,0.004,0.001,0,0.011,43
12/04/2011 21:00,18.023001,-92.903202,0.004,0.001,0,0.009,56
12/04/2011 22:00,18.023001,-92.903202,0.003,0.001,0,0.008,46
12/04/2011 23:00,18.023001,-92.903202,0.003,0.001,0,0.01,36
13/04/2011 00:00,18.023001,-92.903202,0.003,0.001,0,0.01,32
13/04/2011 01:00,18.023001,-92.903202,0.002,0.001,0,0.01,33
13/04/2011 02:00,18.023001,-92.903202,0.003,0.001,0,0.009,38
13/04/2011 03:00,18.023001,-92.903202,0.004,0.001,0,0.009,39
13/04/2011 04:00,18.023001,-92.903202,0.004,0.001,0,0.009,42
13/04/2011 05:00,18.023001,-92.903202,0.005,0.001,0,0.009,39
13/04/2011 06:00,18.023001,-92.903202,0.006,0.001,0.01,0.009,68
13/04/2011 07:00,18.023001,-92.903202,0.008,0.001,0.01,0.01,91
13/04/2011 08:00,18.023001,-92.903202,0.008,0.001,0.01,0.009,56
13/04/2011 09:00,18.023001,-92.903202,0.007,0.001,0.01,0.011,37
13/04/2011 10:00,18.023001,-92.903202,0.006,0.001,0,0.013,46
13/04/2011 11:00,18.023001,-92.903202,0.008,0.001,0,0.015,43
13/04/2011 12:00,18.023001,-92.903202,0.01,0.001,0,0.018,57
13/04/2011 13:00,18.023001,-92.903202,0.013,0.001,0,0.016,51
13/04/2011 14:00,18.023001,-92.903202,0.012,0.001,0,0.015,54
13/04/2011 15:00,18.023001,-92.903202,0.009,0.001,0,0.014,52
13/04/2011 16:00,18.023001,-92.903202,0.006,0.001,0,0.014,54
13/04/2011 17:00,18.023001,-92.903202,0.006,0.001,0,0.016,47
13/04/2011 18:00,18.023001,-92.903202,0.005,0.001,0,0.016,64
13/04/2011 19:00,18.023001,-92.903202,0.005,0.001,0,0.017,66
13/04/2011 20:00,18.023001,-92.903202,0.005,0.001,0,0.014,80
13/04/2011 21:00,18.023001,-92.903202,0.005,0.001,0,0.011,62
13/04/2011 22:00,18.023001,-92.903202,0.005,0.001,0,0.011,40
13/04/2011 23:00,18.023001,-92.903202,0.004,0.001,0,0.01,36
14/04/2011 00:00,18.023001,-92.903202,0.004,0.001,0,0.011,38
14/04/2011 01:00,18.023001,-92.903202,0.003,0.001,0,0.011,37
14/04/2011 02:00,18.023001,-92.903202,0.002,0.001,0,0.011,43
14/04/2011 03:00,18.023001,-92.903202,0.003,0.001,0,0.011,29
14/04/2011 04:00,18.023001,-92.903202,0.004,0.001,0,0.01,46
14/04/2011 05:00,18.023001,-92.903202,0.004,0.001,0,0.01,27
14/04/2011 06:00,18.023001,-92.903202,0.004,0.001,0.01,0.009,58
14/04/2011 07:00,18.023001,-92.903202,0.005,0.001,0.01,0.009,84
14/04/2011 08:00,18.023001,-92.903202,0.005,0.001,0.01,0.011,78
14/04/2011 09:00,18.023001,-92.903202,0.005,0.001,0.01,0.012,58
14/04/2011 10:00,18.023001,-92.903202,0.005,0.001,0,0.013,65
14/04/2011 11:00,18.023001,-92.903202,0.006,0.001,0,0.015,60
14/04/2011 12:00,18.023001,-92.903202,0.007,0.001,0,0.019,53
14/04/2011 13:00,18.023001,-92.903202,0.009,0.001,0,0.024,63
14/04/2011 14:00,18.023001,-92.903202,0.018,0.001,0,0.025,69
14/04/2011 15:00,18.023001,-92.903202,0.008,0.001,0,0.031,55
14/04/2011 16:00,18.023001,-92.903202,0.007,0.001,0,0.031,48
14/04/2011 17:00,18.023001,-92.903202,0.006,0.001,0,0.032,66
14/04/2011 18:00,18.023001,-92.903202,0.004,0.001,0,0.028,75
14/04/2011 19:00,18.023001,-92.903202,0.004,0.001,0,0.023,95
14/04/2011 20:00,18.023001,-92.903202,0.004,0.001,0,0.023,104
14/04/2011 21:00,18.023001,-92.903202,0.004,0.001,0,0.021,90
14/04/2011 22:00,18.023001,-92.903202,0.004,0.001,0,0.028,86
14/04/2011 23:00,18.023001,-92.903202,0.004,0.001,0,0.025,89
15/04/2011 00:00,18.023001,-92.903202,0.003,0.001,0,0.024,68
15/04/2011 01:00,18.023001,-92.903202,0.002,0.001,0,0.026,67
15/04/2011 02:00,18.023001,-92.903202,0.003,0.001,0,0.023,118
15/04/2011 03:00,18.023001,-92.903202,0.021,0.001,0.01,0.018,137
15/04/2011 04:00,18.023001,-92.903202,0.042,0.001,0.01,0.014,157
15/04/2011 05:00,18.023001,-92.903202,0.02,0.001,0.01,0.01,162
15/04/2011 06:00,18.023001,-92.903202,0.009,0.001,0.01,0.008,154
15/04/2011 07:00,18.023001,-92.903202,0.007,0.001,0.01,0.007,156
15/04/2011 08:00,18.023001,-92.903202,0.011,0.001,0.01,0.008,122
15/04/2011 09:00,18.023001,-92.903202,0.019,0.001,0.01,0.011,81
15/04/2011 10:00,18.023001,-92.903202,0.023,0.001,0,0.013,84
15/04/2011 11:00,18.023001,-92.903202,0.033,0.001,0,0.015,91
15/04/2011 12:00,18.023001,-92.903202,0.021,0.001,0,0.017,81
15/04/2011 13:00,18.023001,-92.903202,0.01,0.001,0,0.02,63
15/04/2011 14:00,18.023001,-92.903202,0.006,0.001,0,0.019,60
15/04/2011 15:00,18.023001,-92.903202,0.006,0.001,0,0.019,55
15/04/2011 16:00,18.023001,-92.903202,0.005,0.001,0,0.019,60
15/04/2011 17:00,18.023001,-92.903202,0.005,0.001,0,0.019,67
15/04/2011 18:00,18.023001,-92.903202,0.005,0.001,0,0.018,70
15/04/2011 19:00,18.023001,-92.903202,0.005,0.001,0,0.016,81
15/04/2011 20:00,18.023001,-92.903202,0.005,0.001,0,0.015,94
15/04/2011 21:00,18.023001,-92.903202,0.005,0.001,0.01,0.015,90
15/04/2011 22:00,18.023001,-92.903202,0.005,0.001,0.01,0.015,91
15/04/2011 23:00,18.023001,-92.903202,0.005,0.001,0.01,0.013,74
16/04/2011 00:00,18.023001,-92.903202,0.004,0.001,0,0.013,57
16/04/2011 01:00,18.023001,-92.903202,0.004,0.001,0,0.014,50
16/04/2011 02:00,18.023001,-92.903202,0.003,0.001,0,0.013,54
16/04/2011 03:00,18.023001,-92.903202,0.003,0.001,0,0.011,51
16/04/2011 04:00,18.023001,-92.903202,0.003,0.001,0.01,0.01,53
16/04/2011 05:00,18.023001,-92.903202,0.003,0.001,0.01,0.009,59
16/04/2011 06:00,18.023001,-92.903202,0.003,0.001,0.01,0.01,51
16/04/2011 07:00,18.023001,-92.903202,0.003,0.001,0.01,0.009,67
16/04/2011 08:00,18.023001,-92.903202,0.004,0.001,0.01,0.009,105
16/04/2011 09:00,18.023001,-92.903202,0.021,0.001,0.01,0.012,124
16/04/2011 10:00,18.023001,-92.903202,0.017,0.001,0.01,0.016,112
16/04/2011 11:00,18.023001,-92.903202,0.015,0.001,0.01,0.024,123
16/04/2011 12:00,18.023001,-92.903202,0.012,0.001,0.01,0.031,106
16/04/2011 13:00,18.023001,-92.903202,0.012,0.001,0.01,0.028,104
16/04/2011 14:00,18.023001,-92.903202,0.01,0.001,0.01,0.024,102
16/04/2011 15:00,18.023001,-92.903202,0.009,0.001,0,0.021,90
16/04/2011 16:00,18.023001,-92.903202,0.009,0.001,0,0.017,74
16/04/2011 17:00,18.023001,-92.903202,0.007,0.001,0,0.018,62
16/04/2011 18:00,18.023001,-92.903202,0.006,0.001,0.01,0.019,84
16/04/2011 19:00,18.023001,-92.903202,0.004,0.001,0.01,0.017,94
16/04/2011 20:00,18.023001,-92.903202,0.004,0.001,0.01,0.014,67
16/04/2011 21:00,18.023001,-92.903202,0.003,0.001,0.01,0.01,54
16/04/2011 22:00,18.023001,-92.903202,0.003,0.001,0.01,0.01,50
16/04/2011 23:00,18.023001,-92.903202,0.003,0.001,0.01,0.011,45
17/04/2011 00:00,18.023001,-92.903202,0.004,0.001,0.01,0.013,47
17/04/2011 01:00,18.023001,-92.903202,0.004,0.001,0.01,0.011,42
17/04/2011 02:00,18.023001,-92.903202,0.004,0.001,0.01,0.01,51
17/04/2011 03:00,18.023001,-92.903202,0.004,0.001,0.01,0.011,57
17/04/2011 04:00,18.023001,-92.903202,0.004,0.001,0.01,0.009,56
17/04/2011 05:00,18.023001,-92.903202,0.004,0.001,0.01,0.008,55
17/04/2011 06:00,18.023001,-92.903202,0.005,0.001,0.01,0.008,52
17/04/2011 07:00,18.023001,-92.903202,0.005,0.001,0.01,0.007,48
17/04/2011 08:00,18.023001,-92.903202,0.005,0.001,0.01,0.009,42
17/04/2011 09:00,18.023001,-92.903202,0.005,0.001,0.01,0.01,35
17/04/2011 10:00,18.023001,-92.903202,0.006,0.001,0.01,0.015,53
17/04/2011 11:00,18.023001,-92.903202,0.008,0.001,0.01,0.021,72
17/04/2011 12:00,18.023001,-92.903202,0.011,0.001,0.01,0.025,80
17/04/2011 13:00,18.023001,-92.903202,0.012,0.001,0,0.025,93
17/04/2011 14:00,18.023001,-92.903202,0.011,0.001,0,0.026,90
17/04/2011 15:00,18.023001,-92.903202,0.01,0.001,0,0.023,93
17/04/2011 16:00,18.023001,-92.903202,0.012,0.001,0,0.023,83
17/04/2011 17:00,18.023001,-92.903202,0.011,0.001,0,0.021,81
17/04/2011 18:00,18.023001,-92.903202,0.007,0.001,0,0.02,62
17/04/2011 19:00,18.023001,-92.903202,0.005,0.001,0,0.017,73
17/04/2011 20:00,18.023001,-92.903202,0.004,0.001,0.01,0.012,57
17/04/2011 21:00,18.023001,-92.903202,0.003,0.001,0.01,0.01,50
17/04/2011 22:00,18.023001,-92.903202,0.003,0.001,0.01,0.01,47
17/04/2011 23:00,18.023001,-92.903202,0.004,0.001,0.01,0.01,42
18/04/2011 00:00,18.023001,-92.903202,0.004,0.001,0.01,0.009,38
18/04/2011 01:00,18.023001,-92.903202,0.003,0.001,0.01,0.011,46
18/04/2011 02:00,18.023001,-92.903202,0.003,0.001,0.01,0.01,50
18/04/2011 03:00,18.023001,-92.903202,0.003,0.001,0.01,0.011,35
18/04/2011 04:00,18.023001,-92.903202,0.002,0.001,0.01,0.01,29
18/04/2011 05:00,18.023001,-92.903202,0.003,0.001,0.01,0.01,34
18/04/2011 06:00,18.023001,-92.903202,0.003,0.001,0.01,0.009,42
18/04/2011 07:00,18.023001,-92.903202,0.004,0.001,0.01,0.009,62
18/04/2011 08:00,18.023001,-92.903202,0.004,0.001,0.01,0.01,104
18/04/2011 09:00,18.023001,-92.903202,0.004,0.001,0.01,0.012,126
18/04/2011 10:00,18.023001,-92.903202,0.003,0.001,0.01,0.015,109
18/04/2011 11:00,18.023001,-92.903202,0.01,0.001,0.01,0.019,108
18/04/2011 12:00,18.023001,-92.903202,0.014,0.001,0.01,0.018,105
18/04/2011 13:00,18.023001,-92.903202,0.007,0.001,0.01,0.019,77
18/04/2011 14:00,18.023001,-92.903202,0.006,0.001,0,0.021,66
18/04/2011 15:00,18.023001,-92.903202,0.007,0.001,0,0.021,44
18/04/2011 16:00,18.023001,-92.903202,0.008,0.001,0,0.023,58
18/04/2011 17:00,18.023001,-92.903202,0.006,0.001,0,0.021,55
18/04/2011 18:00,18.023001,-92.903202,0.005,0.001,0,0.02,73
18/04/2011 19:00,18.023001,-92.903202,0.005,0.001,0,0.017,106
18/04/2011 20:00,18.023001,-92.903202,0.005,0.001,0.01,0.016,141
18/04/2011 21:00,18.023001,-92.903202,0.005,0.001,0.01,0.015,97
18/04/2011 22:00,18.023001,-92.903202,0.005,0.001,0.01,0.014,91
18/04/2011 23:00,18.023001,-92.903202,0.004,0.001,0.01,0.013,67
19/04/2011 00:00,18.023001,-92.903202,0.005,0.001,0.01,0.014,64
19/04/2011 01:00,18.023001,-92.903202,0.004,0.001,0.01,0.012,65
19/04/2011 02:00,18.023001,-92.903202,0.004,0.001,0.01,0.015,67
19/04/2011 03:00,18.023001,-92.903202,0.004,0.001,0.01,0.015,94
19/04/2011 04:00,18.023001,-92.903202,0.004,0.001,0.01,0.015,115
19/04/2011 05:00,18.023001,-92.903202,0.005,0.001,0.01,0.011,135
19/04/2011 06:00,18.023001,-92.903202,0.012,0.001,0.01,0.009,168
19/04/2011 07:00,18.023001,-92.903202,0.018,0.001,0.01,0.009,123
19/04/2011 08:00,18.023001,-92.903202,0.018,0.001,0.01,0.009,94
19/04/2011 09:00,18.023001,-92.903202,0.02,0.001,0.01,0.01,76
19/04/2011 10:00,18.023001,-92.903202,0.029,0.001,0.01,0.014,67
19/04/2011 11:00,18.023001,-92.903202,0.026,0.001,0.01,0.015,80
19/04/2011 12:00,18.023001,-92.903202,0.017,0.001,0.01,0.017,70
19/04/2011 13:00,18.023001,-92.903202,0.01,0.001,0,0.018,70
19/04/2011 14:00,18.023001,-92.903202,0.009,0.001,0,0.019,64
19/04/2011 15:00,18.023001,-92.903202,0.007,0.001,0,0.022,60
19/04/2011 16:00,18.023001,-92.903202,0.006,0.001,0,0.021,72
19/04/2011 17:00,18.023001,-92.903202,0.006,0.001,0,0.022,74
19/04/2011 18:00,18.023001,-92.903202,0.005,0.001,0,0.02,88
19/04/2011 19:00,18.023001,-92.903202,0.005,0.001,0.01,0.019,108
19/04/2011 20:00,18.023001,-92.903202,0.006,0.001,0.01,0.017,116
19/04/2011 21:00,18.023001,-92.903202,0.005,0.001,0.01,0.017,127
19/04/2011 22:00,18.023001,-92.903202,0.007,0.001,0.01,0.013,104
19/04/2011 23:00,18.023001,-92.903202,0.005,0.001,0.01,0.012,89
20/04/2011 00:00,18.023001,-92.903202,0.006,0.001,0.01,0.009,82
20/04/2011 01:00,18.023001,-92.903202,0.006,0.001,0.01,0.009,117
20/04/2011 02:00,18.023001,-92.903202,0.005,0.001,0.01,0.01,97
20/04/2011 03:00,18.023001,-92.903202,0.006,0.001,0.01,0.012,75
20/04/2011 04:00,18.023001,-92.903202,0.007,0.001,0.01,0.012,92
20/04/2011 05:00,18.023001,-92.903202,0.005,0.001,0.01,0.011,112
20/04/2011 06:00,18.023001,-92.903202,0.004,0.001,0.01,0.01,116
20/04/2011 07:00,18.023001,-92.903202,0.005,0.001,0.01,0.009,134
20/04/2011 08:00,18.023001,-92.903202,0.003,0.001,0.01,0.009,133
20/04/2011 09:00,18.023001,-92.903202,0.004,0.001,0.01,0.011,111
20/04/2011 10:00,18.023001,-92.903202,0.007,0.001,0.01,0.014,103
20/04/2011 11:00,18.023001,-92.903202,0.006,0.001,0.01,0.017,89
20/04/2011 12:00,18.023001,-92.903202,0.007,0.001,0.01,0.019,96
20/04/2011 13:00,18.023001,-92.903202,0.007,0.001,0.01,0.019,98
20/04/2011 14:00,18.023001,-92.903202,0.007,0.001,0.01,0.021,69
20/04/2011 15:00,18.023001,-92.903202,0.007,0.001,0.01,0.026,67
20/04/2011 16:00,18.023001,-92.903202,0.006,0.001,0.01,0.023,72
20/04/2011 17:00,18.023001,-92.903202,0.006,0.001,0.01,0.026,71
20/04/2011 18:00,18.023001,-92.903202,0.006,0.001,0.01,0.022,80
20/04/2011 19:00,18.023001,-92.903202,0.006,0.001,0.01,0.02,97
20/04/2011 20:00,18.023001,-92.903202,0.005,0.001,0.01,0.018,112
20/04/2011 21:00,18.023001,-92.903202,0.005,0.001,0.01,0.017,117
20/04/2011 22:00,18.023001,-92.903202,0.005,0.001,0.01,0.015,111
20/04/2011 23:00,18.023001,-92.903202,0.004,0.001,0.01,0.013,77
21/04/2011 00:00,18.023001,-92.903202,0.004,0.001,0.01,0.015,65
21/04/2011 01:00,18.023001,-92.903202,0.004,0.001,0.01,0.013,61
21/04/2011 02:00,18.023001,-92.903202,0.004,0.001,0.01,0.013,77
21/04/2011 03:00,18.023001,-92.903202,0.004,0.001,0.01,0.012,86
21/04/2011 04:00,18.023001,-92.903202,0.005,0.001,0.01,0.012,105
21/04/2011 05:00,18.023001,-92.903202,0.004,0.001,0.01,0.012,87
21/04/2011 06:00,18.023001,-92.903202,0.003,0.001,0.01,0.013,84
21/04/2011 07:00,18.023001,-92.903202,0.003,0.001,0.01,0.011,106
21/04/2011 08:00,18.023001,-92.903202,0.001,0.001,0.01,0.01,97
21/04/2011 09:00,18.023001,-92.903202,0.003,0.001,0.01,0.012,70
21/04/2011 10:00,18.023001,-92.903202,0.002,0.001,0.01,0.014,50
21/04/2011 11:00,18.023001,-92.903202,0.005,0.001,0.01,0.017,49
21/04/2011 12:00,18.023001,-92.903202,0.003,0.001,0.01,0.021,46
21/04/2011 13:00,18.023001,-92.903202,0.003,0.001,0.01,0.024,105
21/04/2011 14:00,18.023001,-92.903202,0.005,0.001,0.01,0.025,62
21/04/2011 15:00,18.023001,-92.903202,0.005,0.001,0,0.025,54
21/04/2011 16:00,18.023001,-92.903202,0.003,0.001,0,0.023,58
21/04/2011 17:00,18.023001,-92.903202,0.002,0.001,0,0.023,56
21/04/2011 18:00,18.023001,-92.903202,0.003,0.001,0,0.022,50
21/04/2011 19:00,18.023001,-92.903202,0.002,0.001,0,0.019,76
21/04/2011 20:00,18.023001,-92.903202,0.004,0.001,0.01,0.013,71
21/04/2011 21:00,18.023001,-92.903202,0.002,0.001,0.01,0.012,56
21/04/2011 22:00,18.023001,-92.903202,0.004,0.001,0.01,0.01,35
21/04/2011 23:00,18.023001,-92.903202,0.004,0.001,0.01,0.013,36
22/04/2011 00:00,18.023001,-92.903202,0.003,0.001,0.01,0.013,35
22/04/2011 01:00,18.023001,-92.903202,0.004,0.001,0.01,0.012,37
22/04/2011 02:00,18.023001,-92.903202,0.003,0.001,0.01,0.012,42
22/04/2011 03:00,18.023001,-92.903202,0.003,0.001,0.01,0.012,42
22/04/2011 04:00,18.023001,-92.903202,0.003,0.001,0.01,0.011,34
22/04/2011 05:00,18.023001,-92.903202,0.003,0.001,0.01,0.011,29
22/04/2011 06:00,18.023001,-92.903202,0.002,0.001,0.01,0.01,28
22/04/2011 07:00,18.023001,-92.903202,0.004,0.001,0.01,0.01,33
22/04/2011 08:00,18.023001,-92.903202,0.004,0.001,0.01,0.01,28
22/04/2011 09:00,18.023001,-92.903202,0.005,0.001,0.01,0.012,27
22/04/2011 10:00,18.023001,-92.903202,0.006,0.001,0.01,0.015,32
22/04/2011 11:00,18.023001,-92.903202,0.01,0.001,0.01,0.018,49
22/04/2011 12:00,18.023001,-92.903202,0.009,0.001,0.01,0.021,47
22/04/2011 13:00,18.023001,-92.903202,0.003,0.001,0.01,0.022,46
22/04/2011 14:00,18.023001,-92.903202,0.001,0.001,0.01,0.022,47
22/04/2011 15:00,18.023001,-92.903202,0.004,0.001,0.01,0.024,42
22/04/2011 16:00,18.023001,-92.903202,0.006,0.001,0,0.025,37
22/04/2011 17:00,18.023001,-92.903202,0.006,0.001,0,0.022,36
22/04/2011 18:00,18.023001,-92.903202,0.005,0.001,0,0.024,46
22/04/2011 19:00,18.023001,-92.903202,0.005,0.001,0.01,0.021,71
22/04/2011 20:00,18.023001,-92.903202,0.005,0.001,0.01,0.019,77
22/04/2011 21:00,18.023001,-92.903202,0.004,0.001,0.01,0.015,81
22/04/2011 22:00,18.023001,-92.903202,0.004,0.001,0.01,0.014,74
22/04/2011 23:00,18.023001,-92.903202,0.004,0.001,0.01,0.011,59
23/04/2011 00:00,18.023001,-92.903202,0.003,0.001,0.01,0.011,27
23/04/2011 01:00,18.023001,-92.903202,0.003,0.001,0.01,0.012,34
23/04/2011 02:00,18.023001,-92.903202,0.003,0.001,0.01,0.011,38
23/04/2011 03:00,18.023001,-92.903202,0.003,0.001,0.01,0.012,33
23/04/2011 04:00,18.023001,-92.903202,0.003,0.001,0.01,0.01,29
23/04/2011 05:00,18.023001,-92.903202,0.003,0.001,0.01,0.011,35
23/04/2011 06:00,18.023001,-92.903202,0.005,0.001,0.01,0.011,30
23/04/2011 07:00,18.023001,-92.903202,0.007,0.001,0.01,0.011,33
23/04/2011 08:00,18.023001,-92.903202,0.01,0.001,0.01,0.011,28
23/04/2011 09:00,18.023001,-92.903202,0.014,0.001,0.01,0.012,29
23/04/2011 10:00,18.023001,-92.903202,0.016,0.001,0.01,0.014,31
23/04/2011 11:00,18.023001,-92.903202,0.014,0.001,0.01,0.017,42
23/04/2011 12:00,18.023001,-92.903202,0.007,0.001,0.01,0.019,35
23/04/2011 13:00,18.023001,-92.903202,0.003,0.001,0.01,0.02,33
23/04/2011 14:00,18.023001,-92.903202,0.004,0.001,0.01,0.021,38
23/04/2011 15:00,18.023001,-92.903202,0.005,0.001,0,0.023,35
23/04/2011 16:00,18.023001,-92.903202,0.005,0.001,0,0.024,31
23/04/2011 17:00,18.023001,-92.903202,0.005,0.001,0,0.022,39
23/04/2011 18:00,18.023001,-92.903202,0.005,0.001,0,0.022,54
23/04/2011 19:00,18.023001,-92.903202,0.004,0.001,0,0.019,70
23/04/2011 20:00,18.023001,-92.903202,0.003,0.001,0.01,0.016,86
23/04/2011 21:00,18.023001,-92.903202,0.003,0.001,0.01,0.017,64
23/04/2011 22:00,18.023001,-92.903202,0.003,0.001,0.01,0.016,47
23/04/2011 23:00,18.023001,-92.903202,0.004,0.001,0.01,0.014,54
24/04/2011 00:00,18.023001,-92.903202,0.003,0.001,0.01,0.013,32
24/04/2011 01:00,18.023001,-92.903202,0.003,0.001,0.01,0.013,30
24/04/2011 02:00,18.023001,-92.903202,0.001,0.001,0.01,0.013,38
24/04/2011 03:00,18.023001,-92.903202,0.001,0.001,0.01,0.013,33
24/04/2011 04:00,18.023001,-92.903202,0.001,0.001,0.01,0.013,35
24/04/2011 05:00,18.023001,-92.903202,0.001,0.001,0.01,0.012,39
24/04/2011 06:00,18.023001,-92.903202,0.002,0.001,0.01,0.011,39
24/04/2011 07:00,18.023001,-92.903202,0.002,0.001,0.01,0.011,46
24/04/2011 08:00,18.023001,-92.903202,0.003,0.001,0.01,0.011,43
24/04/2011 09:00,18.023001,-92.903202,0.004,0.001,0.01,0.013,38
24/04/2011 10:00,18.023001,-92.903202,0.005,0.001,0.01,0.017,47
24/04/2011 11:00,18.023001,-92.903202,0.005,0.001,0.01,0.016,40
24/04/2011 12:00,18.023001,-92.903202,0.004,0.001,0.01,0.02,39
24/04/2011 13:00,18.023001,-92.903202,0.004,0.001,0.01,0.021,41
24/04/2011 14:00,18.023001,-92.903202,0.003,0.001,0,0.022,32
24/04/2011 15:00,18.023001,-92.903202,0.004,0.001,0,0.021,39
24/04/2011 16:00,18.023001,-92.903202,0.003,0.001,0,0.024,33
24/04/2011 17:00,18.023001,-92.903202,0.003,0.001,0,0.028,56
24/04/2011 18:00,18.023001,-92.903202,0.004,0.001,0,0.025,57
24/04/2011 19:00,18.023001,-92.903202,0.002,0.001,0.01,0.021,56
24/04/2011 20:00,18.023001,-92.903202,0.003,0.001,0.01,0.017,92
24/04/2011 21:00,18.023001,-92.903202,0.004,0.001,0.01,0.016,70
24/04/2011 22:00,18.023001,-92.903202,0.002,0.001,0.01,0.013,44
24/04/2011 23:00,18.023001,-92.903202,0.002,0.001,0.01,0.013,45
25/04/2011 00:00,18.023001,-92.903202,0.001,0.001,0.01,0.012,36
25/04/2011 01:00,18.023001,-92.903202,0.001,0.001,0.01,0.012,33
25/04/2011 02:00,18.023001,-92.903202,0.001,0.001,0.01,0.012,27
25/04/2011 03:00,18.023001,-92.903202,0.001,0.001,0.01,0.011,27
25/04/2011 04:00,18.023001,-92.903202,0.002,0.001,0.01,0.012,32
25/04/2011 05:00,18.023001,-92.903202,0,0.001,0.01,0.013,35
25/04/2011 06:00,18.023001,-92.903202,0.004,0.001,0.01,0.013,56
25/04/2011 07:00,18.023001,-92.903202,0.008,0.001,0.01,0.013,74
25/04/2011 08:00,18.023001,-92.903202,0.005,0.001,0.01,0.013,90
25/04/2011 09:00,18.023001,-92.903202,0.014,0.001,0.01,0.014,78
25/04/2011 10:00,18.023001,-92.903202,0.012,0.001,0.01,0.017,80
25/04/2011 11:00,18.023001,-92.903202,0.015,0.001,0.01,0.022,65
25/04/2011 12:00,18.023001,-92.903202,0.011,0.001,0.01,0.024,71
25/04/2011 13:00,18.023001,-92.903202,0.008,0.001,0.01,0.022,95
25/04/2011 14:00,18.023001,-92.903202,0.007,0.001,0.01,0.027,48
25/04/2011 15:00,18.023001,-92.903202,0.007,0.001,0.01,0.028,49
25/04/2011 16:00,18.023001,-92.903202,0.006,0.001,0.01,0.028,50
25/04/2011 17:00,18.023001,-92.903202,0.006,0.001,0.01,0.029,51
25/04/2011 18:00,18.023001,-92.903202,0.006,0.001,0.01,0.03,54
25/04/2011 19:00,18.023001,-92.903202,0.003,0.001,0.01,0.021,85
25/04/2011 20:00,18.023001,-92.903202,0.003,0.001,0.01,0.019,77
25/04/2011 21:00,18.023001,-92.903202,0.004,0.001,0.01,0.018,60
25/04/2011 22:00,18.023001,-92.903202,0.004,0.001,0.01,0.02,56
25/04/2011 23:00,18.023001,-92.903202,0.003,0.001,0.01,0.016,65
26/04/2011 00:00,18.023001,-92.903202,0.004,0.001,0.01,0.468,57
26/04/2011 01:00,18.023001,-92.903202,0.003,0.001,0.01,0.5,42
26/04/2011 02:00,18.023001,-92.903202,0.003,0.001,0.01,0.5,38
26/04/2011 03:00,18.023001,-92.903202,0.002,0.001,0.01,0.5,42
26/04/2011 04:00,18.023001,-92.903202,0.001,0.001,0.01,0.5,53
26/04/2011 05:00,18.023001,-92.903202,0.001,0.001,0.01,0.5,52
26/04/2011 06:00,18.023001,-92.903202,0.003,0.001,0.01,0.5,54
26/04/2011 07:00,18.023001,-92.903202,0.003,0.001,0.01,0.5,63
26/04/2011 08:00,18.023001,-92.903202,0.003,0.001,0.01,0.5,91
26/04/2011 09:00,18.023001,-92.903202,0.003,0.001,0.01,0.5,99
26/04/2011 10:00,18.023001,-92.903202,0.005,0.001,0.01,0.5,119
26/04/2011 11:00,18.023001,-92.903202,0.012,0.001,0.01,0.491,100
26/04/2011 12:00,18.023001,-92.903202,0.009,0.001,0.01,0.067,94
26/04/2011 13:00,18.023001,-92.903202,0.011,0.001,0.01,0.046,104
26/04/2011 14:00,18.023001,-92.903202,0.009,0.001,0.01,0.042,118
26/04/2011 15:00,18.023001,-92.903202,0.006,0.001,0,0.028,69
26/04/2011 16:00,18.023001,-92.903202,0.006,0.001,0,0.029,64
26/04/2011 17:00,18.023001,-92.903202,0.006,0.001,0,0.028,89
26/04/2011 18:00,18.023001,-92.903202,0.005,0.001,0.01,0.023,93
26/04/2011 19:00,18.023001,-92.903202,0.007,0.001,0.01,0.015,76
26/04/2011 20:00,18.023001,-92.903202,0.007,0.001,0.01,0.009,70
26/04/2011 21:00,18.023001,-92.903202,0.004,0.001,0.01,0.006,82
26/04/2011 22:00,18.023001,-92.903202,0.008,0.001,0.01,0.005,71
26/04/2011 23:00,18.023001,-92.903202,0.008,0.001,0.01,0.005,86
27/04/2011 00:00,18.023001,-92.903202,0.008,0.001,0.01,0.007,34
27/04/2011 01:00,18.023001,-92.903202,0.004,0.001,0.01,0.015,34
27/04/2011 02:00,18.023001,-92.903202,0.004,0.001,0.01,0.483,75
27/04/2011 03:00,18.023001,-92.903202,0.002,0.001,0.01,0.5,62
27/04/2011 04:00,18.023001,-92.903202,0.004,0.001,0.01,0.5,51
27/04/2011 05:00,18.023001,-92.903202,0.004,0.001,0.01,0.5,55
27/04/2011 06:00,18.023001,-92.903202,0.005,0.001,0.01,0.5,79
27/04/2011 07:00,18.023001,-92.903202,0.006,0.001,0.01,0.5,114
27/04/2011 08:00,18.023001,-92.903202,0.006,0.001,0.01,0.5,87
27/04/2011 09:00,18.023001,-92.903202,0.007,0.001,0.01,0.5,80
27/04/2011 10:00,18.023001,-92.903202,0.007,0.001,0.01,0.232,58
27/04/2011 11:00,18.023001,-92.903202,0.005,0.001,0.01,0.03,46
27/04/2011 12:00,18.023001,-92.903202,0.003,0.001,0,0.026,38
27/04/2011 13:00,18.023001,-92.903202,0.005,0.001,0,0.029,40
27/04/2011 14:00,18.023001,-92.903202,0.006,0.001,0,0.035,37
27/04/2011 15:00,18.023001,-92.903202,0.007,0.001,0,0.041,42
27/04/2011 16:00,18.023001,-92.903202,0.007,0.001,0,0.041,54
27/04/2011 17:00,18.023001,-92.903202,0.007,0.001,0,0.03,64
27/04/2011 18:00,18.023001,-92.903202,0.006,0.001,0,0.025,75
27/04/2011 19:00,18.023001,-92.903202,0.006,0.001,0.01,0.021,61
27/04/2011 20:00,18.023001,-92.903202,0.006,0.001,0.01,0.018,52
27/04/2011 21:00,18.023001,-92.903202,0.011,0.001,0.01,0.014,56
27/04/2011 22:00,18.023001,-92.903202,0.007,0.001,0.01,0.015,48
27/04/2011 23:00,18.023001,-92.903202,0.006,0.001,0,0.014,38
28/04/2011 00:00,18.023001,-92.903202,0.006,0.001,0,0.015,34
28/04/2011 01:00,18.023001,-92.903202,0.005,0.001,0,0.014,32
28/04/2011 02:00,18.023001,-92.903202,0.012,0.001,0.01,0.015,34
28/04/2011 03:00,18.023001,-92.903202,0.007,0.001,0.01,0.017,55
28/04/2011 04:00,18.023001,-92.903202,0.008,0.001,0.01,0.016,47
28/04/2011 05:00,18.023001,-92.903202,0.007,0.001,0.01,0.017,37
28/04/2011 06:00,18.023001,-92.903202,0.008,0.001,0.01,0.016,42
28/04/2011 07:00,18.023001,-92.903202,0.008,0.001,0.01,0.016,48
28/04/2011 08:00,18.023001,-92.903202,0.006,0.001,0.01,0.019,53
28/04/2011 09:00,18.023001,-92.903202,0.005,0.001,0.01,0.026,49
28/04/2011 10:00,18.023001,-92.903202,0.006,0.001,0.01,0.034,75
28/04/2011 11:00,18.023001,-92.903202,0.006,0.001,0.01,0.038,112
28/04/2011 12:00,18.023001,-92.903202,0.005,0.001,0.01,0.043,104
28/04/2011 13:00,18.023001,-92.903202,0.005,0.001,0.01,0.043,90
28/04/2011 14:00,18.023001,-92.903202,0.004,0.001,0.01,0.044,92
28/04/2011 15:00,18.023001,-92.903202,0.004,0.001,0.01,0.045,94
28/04/2011 16:00,18.023001,-92.903202,0.004,0.001,0.01,0.041,92
28/04/2011 17:00,18.023001,-92.903202,0.004,0.001,0.01,0.041,88
28/04/2011 18:00,18.023001,-92.903202,0.003,0.001,0.01,0.059,84
28/04/2011 19:00,18.023001,-92.903202,0.004,0.001,0.01,0.393,80
28/04/2011 20:00,18.023001,-92.903202,0.003,0.001,0.01,0.5,75
28/04/2011 21:00,18.023001,-92.903202,0.003,0.001,0.01,0.5,77
28/04/2011 22:00,18.023001,-92.903202,0.003,0.001,0.01,0.5,74
28/04/2011 23:00,18.023001,-92.903202,0.003,0.001,0.01,0.5,72
29/04/2011 00:00,18.023001,-92.903202,0.003,0.001,0.01,0.5,77
29/04/2011 01:00,18.023001,-92.903202,0.003,0.001,0.01,0.5,69
29/04/2011 02:00,18.023001,-92.903202,0.003,0.001,0.01,0.5,67
29/04/2011 03:00,18.023001,-92.903202,0.002,0.001,0.01,0.5,67
29/04/2011 04:00,18.023001,-92.903202,0.001,0.001,0.01,0.5,71
29/04/2011 05:00,18.023001,-92.903202,0.003,0.001,0.01,0.5,61
29/04/2011 06:00,18.023001,-92.903202,0.003,0.001,0.01,0.5,62
29/04/2011 07:00,18.023001,-92.903202,0.004,0.001,0.01,0.5,60
29/04/2011 08:00,18.023001,-92.903202,0.004,0.001,0.01,0.5,62
29/04/2011 09:00,18.023001,-92.903202,0.003,0.001,0.01,0.5,46
29/04/2011 10:00,18.023001,-92.903202,0.003,0.001,0.01,0.5,52
29/04/2011 11:00,18.023001,-92.903202,0.004,0.001,0.01,0.5,60
29/04/2011 12:00,18.023001,-92.903202,0.004,0.001,0.01,0.5,80
29/04/2011 13:00,18.023001,-92.903202,0.004,0.001,0.01,0.5,87
29/04/2011 14:00,18.023001,-92.903202,0.004,0.001,0.01,0.5,80
29/04/2011 15:00,18.023001,-92.903202,0.005,0.001,0.01,0.5,80
29/04/2011 16:00,18.023001,-92.903202,0.005,0.001,0.01,0.5,87
29/04/2011 17:00,18.023001,-92.903202,0.002,0.001,0.01,0.5,88
29/04/2011 18:00,18.023001,-92.903202,0.002,0.001,0.01,0.5,110
29/04/2011 19:00,18.023001,-92.903202,0.003,0.001,0.01,0.5,104
29/04/2011 20:00,18.023001,-92.903202,0.001,0.001,0.01,0.5,102
29/04/2011 21:00,18.023001,-92.903202,0.001,0.001,0.01,0.5,98
29/04/2011 22:00,18.023001,-92.903202,0.002,0.001,0.01,0.5,82
29/04/2011 23:00,18.023001,-92.903202,0.002,0.001,0.01,0.5,90
30/04/2011 00:00,18.023001,-92.903202,0.002,0.001,0.01,0.5,100
30/04/2011 01:00,18.023001,-92.903202,0.001,0.001,0.01,0.5,90
30/04/2011 02:00,18.023001,-92.903202,0.002,0.001,0.01,0.5,89
30/04/2011 03:00,18.023001,-92.903202,0.004,0.001,0.01,0.5,89
30/04/2011 04:00,18.023001,-92.903202,0.003,0.001,0.01,0.5,90
30/04/2011 05:00,18.023001,-92.903202,0.004,0.001,0.01,0.5,68
30/04/2011 06:00,18.023001,-92.903202,0.003,0.001,0.01,0.5,47
30/04/2011 07:00,18.023001,-92.903202,0.004,0.001,0.01,0.5,77
30/04/2011 08:00,18.023001,-92.903202,0.003,0.001,0.01,0.5,49
30/04/2011 09:00,18.023001,-92.903202,0.004,0.001,0.01,0.5,60
30/04/2011 10:00,18.023001,-92.903202,0.004,0.001,0.01,0.5,72
30/04/2011 11:00,18.023001,-92.903202,0.005,0.001,0.01,0.5,74
30/04/2011 12:00,18.023001,-92.903202,0.005,0.001,0.01,0.5,81
30/04/2011 13:00,18.023001,-92.903202,0.006,0.001,0.01,0.484,75
30/04/2011 14:00,18.023001,-92.903202,0.007,0.001,0.01,0.098,80
30/04/2011 15:00,18.023001,-92.903202,0.009,0.001,0,0.068,73
30/04/2011 16:00,18.023001,-92.903202,0.007,0.001,0,0.063,64
30/04/2011 17:00,18.023001,-92.903202,0.006,0.001,0,0.066,68
30/04/2011 18:00,18.023001,-92.903202,0.007,0.001,0.01,0.07,78
30/04/2011 19:00,18.023001,-92.903202,0.006,0.001,0.01,0.075,99
30/04/2011 20:00,18.023001,-92.903202,0.005,0.001,0.01,0.075,102
30/04/2011 21:00,18.023001,-92.903202,0.005,0.001,0.01,0.07,100
30/04/2011 22:00,18.023001,-92.903202,0.015,0.001,0.01,0.063,90
30/04/2011 23:00,18.023001,-92.903202,0.01,0.001,0.01,0.056,79
01/05/2011 00:00,18.023001,-92.903202,0.008,0.001,0.01,0.058,70
01/05/2011 01:00,18.023001,-92.903202,0.007,0.001,0.01,0.059,84
01/05/2011 02:00,18.023001,-92.903202,0.005,0.001,0.01,0.06,60
01/05/2011 03:00,18.023001,-92.903202,0.006,0.001,0.01,0.318,94
